[100, 'G', 0.0, 1, 1, [1]]
[100, 'D', 0.0, 1, 1, [1]]
[101, 'G', 1.0, 1, 1, [0, 1]]
[101, 'D', 1.0, 1, 1, [0, 1]]
[102, 'G', 1.0, 1, 1, [2]]
[102, 'D', 1.0, 1, 1, [2]]
[103, 'G', 1.0, 1, 1, [0, 2]]
[103, 'D', 1.0, 1, 1, [0, 2]]
[104, 'G', 0.0, 1, 1, [3]]
[104, 'D', 0.0, 1, 1, [3]]
[105, 'G', 1.0, 1, 1, [0, 3]]
[105, 'D', 0.0, 1, 1, [0, 3]]
[106, 'G', 1.0, 1, 1, [4]]
[106, 'D', 1.0, 1, 1, [4]]
[107, 'G', 1.0, 1, 1, [0, 4]]
[107, 'D', 1.0, 1, 1, [0, 4]]
[108, 'G', 1.0, 1, 1, [5]]
[108, 'D', 1.0, 1, 1, [5]]
[109, 'G', 1.0, 1, 1, [0, 5]]
[109, 'D', 1.0, 1, 1, [0, 5]]
[110, 'G', 0.0, 1, 1, [6]]
[110, 'D', 0.0, 1, 1, [6]]
[111, 'G', 0.0, 1, 1, [0, 6]]
[111, 'D', 0.0, 1, 1, [0, 6]]
[112, 'G', 0.0, 1, 1, [7]]
[112, 'D', 0.0, 1, 1, [7]]
[113, 'G', 1.0, 1, 1, [0, 7]]
[113, 'D', 0.0, 1, 1, [0, 7]]
[114, 'G', 1.0, 1, 1, [8]]
[114, 'D', 1.0, 1, 1, [8]]
[115, 'G', 1.0, 1, 1, [0, 8]]
[115, 'D', 1.0, 1, 1, [0, 8]]
[120, 'G', 0.0, 1, 1, [11]]
[120, 'D', 0.0, 1, 1, [11]]
[121, 'G', 0.0, 1, 1, [0, 11]]
[121, 'D', 0.0, 1, 1, [0, 11]]
[125, 'G', 1.0, 1, 1, [0, 13]]
[125, 'D', 0.0, 1, 1, [0, 13]]
[126, 'G', 0.9333333333333333, 1, 1, [14]]
[126, 'D', 0.85, 1, 1, [14]]
[127, 'G', 1.0, 1, 1, [0, 14]]
[127, 'D', 0.9833333333333333, 1, 1, [0, 14]]
[128, 'G', 0.0, 1, 1, [15]]
[128, 'D', 0.0, 1, 1, [15]]
[129, 'G', 0.0, 1, 1, [0, 15]]
[129, 'D', 1.0, 1, 1, [0, 15]]
[130, 'G', 0.0, 2, 1, [1]]
[130, 'D', 0.0, 2, 1, [1]]
[131, 'G', 0.5, 2, 1, [0, 1]]
[131, 'D', 0.5, 2, 1, [0, 1]]
[132, 'G', 0.5, 2, 1, [2]]
[132, 'D', 0.5, 2, 1, [2]]
[133, 'G', 0.6666666666666666, 2, 1, [0, 2]]
[133, 'D', 0.6666666666666666, 2, 1, [0, 2]]
[134, 'G', 0.0, 2, 1, [3]]
[134, 'D', 0.0, 2, 1, [3]]
[135, 'G', 0.3333333333333333, 2, 1, [0, 3]]
[135, 'D', 0.3333333333333333, 2, 1, [0, 3]]
[136, 'G', 0.5, 2, 1, [4]]
[136, 'D', 0.5, 2, 1, [4]]
[137, 'G', 0.6666666666666666, 2, 1, [0, 4]]
[137, 'D', 0.6666666666666666, 2, 1, [0, 4]]
[138, 'G', 0.5, 2, 1, [5]]
[138, 'D', 0.5, 2, 1, [5]]
[139, 'G', 0.6666666666666666, 2, 1, [0, 5]]
[139, 'D', 0.6666666666666666, 2, 1, [0, 5]]
[140, 'G', 0.0, 2, 1, [6]]
[140, 'D', 0.0, 2, 1, [6]]
[141, 'G', 0.3333333333333333, 2, 1, [0, 6]]
[141, 'D', 0.3333333333333333, 2, 1, [0, 6]]
[142, 'G', 0.0, 2, 1, [7]]
[142, 'D', 0.0, 2, 1, [7]]
[143, 'G', 0.3333333333333333, 2, 1, [0, 7]]
[143, 'D', 0.3333333333333333, 2, 1, [0, 7]]
[144, 'G', 0.5, 2, 1, [8]]
[144, 'D', 0.5, 2, 1, [8]]
[145, 'G', 0.75, 2, 1, [0, 8]]
[145, 'D', 0.25, 2, 1, [0, 8]]
[150, 'G', 0.0, 2, 1, [11]]
[150, 'D', 0.0, 2, 1, [11]]
[151, 'G', 0.25, 2, 1, [0, 11]]
[151, 'D', 0.25, 2, 1, [0, 11]]
[155, 'G', 0.25, 2, 1, [0, 13]]
[155, 'D', 0.25, 2, 1, [0, 13]]
[156, 'G', 0.45, 2, 1, [14]]
[156, 'D', 0.4166666666666667, 2, 1, [14]]
[157, 'G', 0.8852459016393442, 2, 1, [0, 14]]
[157, 'D', 0.8852459016393442, 2, 1, [0, 14]]
[158, 'G', 0.0, 2, 1, [15]]
[158, 'D', 0.0, 2, 1, [15]]
[159, 'G', 0.01639344262295082, 2, 1, [0, 15]]
[159, 'D', 0.01639344262295082, 2, 1, [0, 15]]
[160, 'G', 0.0, 3, 1, [1]]
[160, 'D', 0.0, 3, 1, [1]]
[161, 'G', 0.3333333333333333, 3, 1, [0, 1]]
[161, 'D', 0.3333333333333333, 3, 1, [0, 1]]
[162, 'G', 0.3333333333333333, 3, 1, [2]]
[162, 'D', 0.3333333333333333, 3, 1, [2]]
[163, 'G', 0.5, 3, 1, [0, 2]]
[163, 'D', 0.25, 3, 1, [0, 2]]
[164, 'G', 0.0, 3, 1, [3]]
[164, 'D', 0.0, 3, 1, [3]]
[165, 'G', 0.2, 3, 1, [0, 3]]
[165, 'D', 0.2, 3, 1, [0, 3]]
[166, 'G', 0.3333333333333333, 3, 1, [4]]
[166, 'D', 0.3333333333333333, 3, 1, [4]]
[167, 'G', 0.4, 3, 1, [0, 4]]
[167, 'D', 0.5, 3, 1, [0, 4]]
[168, 'G', 0.3333333333333333, 3, 1, [5]]
[168, 'D', 0.3333333333333333, 3, 1, [5]]
[169, 'G', 0.4, 3, 1, [0, 5]]
[169, 'D', 0.5, 3, 1, [0, 5]]
[170, 'G', 0.0, 3, 1, [6]]
[170, 'D', 0.0, 3, 1, [6]]
[171, 'G', 0.25, 3, 1, [0, 6]]
[171, 'D', 0.25, 3, 1, [0, 6]]
[172, 'G', 0.0, 3, 1, [7]]
[172, 'D', 0.0, 3, 1, [7]]
[173, 'G', 0.2, 3, 1, [0, 7]]
[173, 'D', 0.0, 3, 1, [0, 7]]
[174, 'G', 0.3333333333333333, 3, 1, [8]]
[174, 'D', 0.6666666666666666, 3, 1, [8]]
[175, 'G', 0.42857142857142855, 3, 1, [0, 8]]
[175, 'D', 0.42857142857142855, 3, 1, [0, 8]]
[180, 'G', 0.0, 3, 1, [11]]
[180, 'D', 0.0, 3, 1, [11]]
[181, 'G', 0.14285714285714285, 3, 1, [0, 11]]
[181, 'D', 0.14285714285714285, 3, 1, [0, 11]]
[185, 'G', 0.14285714285714285, 3, 1, [0, 13]]
[185, 'D', 0.14285714285714285, 3, 1, [0, 13]]
[186, 'G', 0.31666666666666665, 3, 1, [14]]
[186, 'D', 0.26666666666666666, 3, 1, [14]]
[187, 'G', 0.4297520661157025, 3, 1, [0, 14]]
[187, 'D', 0.4297520661157025, 3, 1, [0, 14]]
[188, 'G', 0.0, 3, 1, [15]]
[188, 'D', 0.0, 3, 1, [15]]
[189, 'G', 0.008264462809917356, 3, 1, [0, 15]]
[189, 'D', 0.008264462809917356, 3, 1, [0, 15]]
[190, 'G', 0.0, 4, 1, [1]]
[190, 'D', 0.0, 4, 1, [1]]
[191, 'G', 0.25, 4, 1, [0, 1]]
[191, 'D', 0.25, 4, 1, [0, 1]]
[192, 'G', 0.25, 4, 1, [2]]
[192, 'D', 0.25, 4, 1, [2]]
[193, 'G', 0.3333333333333333, 4, 1, [0, 2]]
[193, 'D', 0.3333333333333333, 4, 1, [0, 2]]
[194, 'G', 0.0, 4, 1, [3]]
[194, 'D', 0.0, 4, 1, [3]]
[195, 'G', 0.16666666666666666, 4, 1, [0, 3]]
[195, 'D', 0.16666666666666666, 4, 1, [0, 3]]
[196, 'G', 0.5, 4, 1, [4]]
[196, 'D', 0.5, 4, 1, [4]]
[197, 'G', 0.3333333333333333, 4, 1, [0, 4]]
[197, 'D', 0.3333333333333333, 4, 1, [0, 4]]
[198, 'G', 0.25, 4, 1, [5]]
[198, 'D', 0.25, 4, 1, [5]]
[199, 'G', 0.3333333333333333, 4, 1, [0, 5]]
[199, 'D', 0.3333333333333333, 4, 1, [0, 5]]
[200, 'G', 0.0, 4, 1, [6]]
[200, 'D', 0.0, 4, 1, [6]]
[201, 'G', 0.16666666666666666, 4, 1, [0, 6]]
[201, 'D', 0.16666666666666666, 4, 1, [0, 6]]
[202, 'G', 0.0, 4, 1, [7]]
[202, 'D', 0.0, 4, 1, [7]]
[203, 'G', 0.16666666666666666, 4, 1, [0, 7]]
[203, 'D', 0.16666666666666666, 4, 1, [0, 7]]
[204, 'G', 0.5, 4, 1, [8]]
[204, 'D', 0.75, 4, 1, [8]]
[205, 'G', 0.375, 4, 1, [0, 8]]
[205, 'D', 0.5, 4, 1, [0, 8]]
[210, 'G', 0.0, 4, 1, [11]]
[210, 'D', 0.0, 4, 1, [11]]
[211, 'G', 0.125, 4, 1, [0, 11]]
[211, 'D', 0.125, 4, 1, [0, 11]]
[215, 'G', 0.125, 4, 1, [0, 13]]
[215, 'D', 0.125, 4, 1, [0, 13]]
[216, 'G', 0.1, 4, 1, [14]]
[216, 'D', 0.1375, 4, 1, [14]]
[217, 'G', 0.45081967213114754, 4, 1, [0, 14]]
[217, 'D', 0.22131147540983606, 4, 1, [0, 14]]
[218, 'G', 0.0, 4, 1, [15]]
[218, 'D', 0.0, 4, 1, [15]]
[219, 'G', 0.00819672131147541, 4, 1, [0, 15]]
[219, 'D', 0.00819672131147541, 4, 1, [0, 15]]
[220, 'G', 0.0, 2, 2, [1]]
[220, 'D', 0.0, 2, 2, [1]]
[221, 'G', 0.5, 2, 2, [0, 1]]
[221, 'D', 0.5, 2, 2, [0, 1]]
[222, 'G', 1.0, 2, 2, [2]]
[222, 'D', 1.0, 2, 2, [2]]
[223, 'G', 0.3333333333333333, 2, 2, [0, 2]]
[223, 'D', 1.0, 2, 2, [0, 2]]
[224, 'G', 0.5, 2, 2, [3]]
[224, 'D', 0.0, 2, 2, [3]]
[225, 'G', 0.3333333333333333, 2, 2, [0, 3]]
[225, 'D', 0.3333333333333333, 2, 2, [0, 3]]
[226, 'G', 1.0, 2, 2, [4]]
[226, 'D', 1.0, 2, 2, [4]]
[227, 'G', 1.0, 2, 2, [0, 4]]
[227, 'D', 1.0, 2, 2, [0, 4]]
[228, 'G', 0.5, 2, 2, [5]]
[228, 'D', 1.0, 2, 2, [5]]
[229, 'G', 1.0, 2, 2, [0, 5]]
[229, 'D', 1.0, 2, 2, [0, 5]]
[230, 'G', 0.0, 2, 2, [6]]
[230, 'D', 0.0, 2, 2, [6]]
[231, 'G', 0.3333333333333333, 2, 2, [0, 6]]
[231, 'D', 0.3333333333333333, 2, 2, [0, 6]]
[232, 'G', 0.25, 2, 2, [7]]
[232, 'D', 0.5, 2, 2, [7]]
[233, 'G', 0.3333333333333333, 2, 2, [0, 7]]
[233, 'D', 0.3333333333333333, 2, 2, [0, 7]]
[234, 'G', 1.0, 2, 2, [8]]
[234, 'D', 1.0, 2, 2, [8]]
[235, 'G', 1.0, 2, 2, [0, 8]]
[235, 'D', 1.0, 2, 2, [0, 8]]
[240, 'G', 0.5, 2, 2, [11]]
[240, 'D', 0.0, 2, 2, [11]]
[241, 'G', 0.25, 2, 2, [0, 11]]
[241, 'D', 0.75, 2, 2, [0, 11]]
[245, 'G', 0.25, 2, 2, [0, 13]]
[245, 'D', 0.25, 2, 2, [0, 13]]
[246, 'G', 0.925, 2, 2, [14]]
[246, 'D', 0.65, 2, 2, [14]]
[247, 'G', 0.7213114754098361, 2, 2, [0, 14]]
[247, 'D', 0.9672131147540983, 2, 2, [0, 14]]
[248, 'G', 0.15833333333333333, 2, 2, [15]]
[248, 'D', 0.0, 2, 2, [15]]
[249, 'G', 0.01639344262295082, 2, 2, [0, 15]]
[249, 'D', 0.04918032786885246, 2, 2, [0, 15]]
[250, 'G', 0.0, 4, 2, [1]]
[250, 'D', 0.0, 4, 2, [1]]
[251, 'G', 0.5, 4, 2, [0, 1]]
[251, 'D', 0.5, 4, 2, [0, 1]]
[252, 'G', 0.5, 4, 2, [2]]
[252, 'D', 0.5, 4, 2, [2]]
[253, 'G', 0.5, 4, 2, [0, 2]]
[253, 'D', 0.6666666666666666, 4, 2, [0, 2]]
[254, 'G', 0.0, 4, 2, [3]]
[254, 'D', 0.25, 4, 2, [3]]
[255, 'G', 0.3333333333333333, 4, 2, [0, 3]]
[255, 'D', 0.3333333333333333, 4, 2, [0, 3]]
[256, 'G', 0.75, 4, 2, [4]]
[256, 'D', 0.75, 4, 2, [4]]
[257, 'G', 0.5, 4, 2, [0, 4]]
[257, 'D', 0.5, 4, 2, [0, 4]]
[258, 'G', 0.5, 4, 2, [5]]
[258, 'D', 0.5, 4, 2, [5]]
[259, 'G', 0.3333333333333333, 4, 2, [0, 5]]
[259, 'D', 0.5, 4, 2, [0, 5]]
[260, 'G', 0.0, 4, 2, [6]]
[260, 'D', 0.0, 4, 2, [6]]
[261, 'G', 0.3333333333333333, 4, 2, [0, 6]]
[261, 'D', 0.3333333333333333, 4, 2, [0, 6]]
[262, 'G', 0.0, 4, 2, [7]]
[262, 'D', 0.0, 4, 2, [7]]
[263, 'G', 0.3333333333333333, 4, 2, [0, 7]]
[263, 'D', 0.16666666666666666, 4, 2, [0, 7]]
[264, 'G', 0.75, 4, 2, [8]]
[264, 'D', 0.5, 4, 2, [8]]
[265, 'G', 0.25, 4, 2, [0, 8]]
[265, 'D', 0.5, 4, 2, [0, 8]]
[270, 'G', 0.25, 4, 2, [11]]
[270, 'D', 0.0, 4, 2, [11]]
[271, 'G', 0.25, 4, 2, [0, 11]]
[271, 'D', 0.25, 4, 2, [0, 11]]
[275, 'G', 0.25, 4, 2, [0, 13]]
[275, 'D', 0.25, 4, 2, [0, 13]]
[276, 'G', 0.44166666666666665, 4, 2, [14]]
[276, 'D', 0.3333333333333333, 4, 2, [14]]
[277, 'G', 0.4098360655737705, 4, 2, [0, 14]]
[277, 'D', 0.38524590163934425, 4, 2, [0, 14]]
[278, 'G', 0.0875, 4, 2, [15]]
[278, 'D', 0.09166666666666666, 4, 2, [15]]
[279, 'G', 0.01639344262295082, 4, 2, [0, 15]]
[279, 'D', 0.01639344262295082, 4, 2, [0, 15]]
[280, 'G', 0.0, 6, 2, [1]]
[280, 'D', 0.0, 6, 2, [1]]
[281, 'G', 0.3333333333333333, 6, 2, [0, 1]]
[281, 'D', 0.3333333333333333, 6, 2, [0, 1]]
[282, 'G', 0.3333333333333333, 6, 2, [2]]
[282, 'D', 0.3333333333333333, 6, 2, [2]]
[283, 'G', 0.3333333333333333, 6, 2, [0, 2]]
[283, 'D', 0.4444444444444444, 6, 2, [0, 2]]
[284, 'G', 0.0, 6, 2, [3]]
[284, 'D', 0.16666666666666666, 6, 2, [3]]
[285, 'G', 0.2222222222222222, 6, 2, [0, 3]]
[285, 'D', 0.2222222222222222, 6, 2, [0, 3]]
[286, 'G', 0.6666666666666666, 6, 2, [4]]
[286, 'D', 0.3333333333333333, 6, 2, [4]]
[287, 'G', 0.3333333333333333, 6, 2, [0, 4]]
[287, 'D', 0.5555555555555556, 6, 2, [0, 4]]
[288, 'G', 0.3333333333333333, 6, 2, [5]]
[288, 'D', 0.3333333333333333, 6, 2, [5]]
[289, 'G', 0.3333333333333333, 6, 2, [0, 5]]
[289, 'D', 0.3333333333333333, 6, 2, [0, 5]]
[290, 'G', 0.16666666666666666, 6, 2, [6]]
[290, 'D', 0.0, 6, 2, [6]]
[291, 'G', 0.2222222222222222, 6, 2, [0, 6]]
[291, 'D', 0.2222222222222222, 6, 2, [0, 6]]
[292, 'G', 0.08333333333333333, 6, 2, [7]]
[292, 'D', 0.0, 6, 2, [7]]
[293, 'G', 0.2222222222222222, 6, 2, [0, 7]]
[293, 'D', 0.2222222222222222, 6, 2, [0, 7]]
[294, 'G', 0.3333333333333333, 6, 2, [8]]
[294, 'D', 0.6666666666666666, 6, 2, [8]]
[295, 'G', 0.5833333333333334, 6, 2, [0, 8]]
[295, 'D', 0.3333333333333333, 6, 2, [0, 8]]
[300, 'G', 0.16666666666666666, 6, 2, [11]]
[300, 'D', 0.16666666666666666, 6, 2, [11]]
[301, 'G', 0.08333333333333333, 6, 2, [0, 11]]
[301, 'D', 0.16666666666666666, 6, 2, [0, 11]]
[305, 'G', 0.08333333333333333, 6, 2, [0, 13]]
[305, 'D', 0.16666666666666666, 6, 2, [0, 13]]
[306, 'G', 0.2222222222222222, 6, 2, [14]]
[306, 'D', 0.31666666666666665, 6, 2, [14]]
[307, 'G', 0.5628415300546448, 6, 2, [0, 14]]
[307, 'D', 0.5792349726775956, 6, 2, [0, 14]]
[308, 'G', 0.15, 6, 2, [15]]
[308, 'D', 0.005555555555555556, 6, 2, [15]]
[309, 'G', 0.16393442622950818, 6, 2, [0, 15]]
[309, 'D', 0.01092896174863388, 6, 2, [0, 15]]
[310, 'G', 0.0, 8, 2, [1]]
[310, 'D', 0.125, 8, 2, [1]]
[311, 'G', 0.25, 8, 2, [0, 1]]
[311, 'D', 0.125, 8, 2, [0, 1]]
[312, 'G', 0.25, 8, 2, [2]]
[312, 'D', 0.25, 8, 2, [2]]
[313, 'G', 0.3333333333333333, 8, 2, [0, 2]]
[313, 'D', 0.25, 8, 2, [0, 2]]
[314, 'G', 0.0, 8, 2, [3]]
[314, 'D', 0.0, 8, 2, [3]]
[315, 'G', 0.16666666666666666, 8, 2, [0, 3]]
[315, 'D', 0.08333333333333333, 8, 2, [0, 3]]
[316, 'G', 0.5, 8, 2, [4]]
[316, 'D', 0.375, 8, 2, [4]]
[317, 'G', 0.5833333333333334, 8, 2, [0, 4]]
[317, 'D', 0.25, 8, 2, [0, 4]]
[318, 'G', 0.25, 8, 2, [5]]
[318, 'D', 0.25, 8, 2, [5]]
[319, 'G', 0.25, 8, 2, [0, 5]]
[319, 'D', 0.3333333333333333, 8, 2, [0, 5]]
[320, 'G', 0.0, 8, 2, [6]]
[320, 'D', 0.0, 8, 2, [6]]
[321, 'G', 0.16666666666666666, 8, 2, [0, 6]]
[321, 'D', 0.16666666666666666, 8, 2, [0, 6]]
[322, 'G', 0.125, 8, 2, [7]]
[322, 'D', 0.125, 8, 2, [7]]
[323, 'G', 0.16666666666666666, 8, 2, [0, 7]]
[323, 'D', 0.25, 8, 2, [0, 7]]
[324, 'G', 0.625, 8, 2, [8]]
[324, 'D', 0.5, 8, 2, [8]]
[325, 'G', 0.4375, 8, 2, [0, 8]]
[325, 'D', 0.25, 8, 2, [0, 8]]
[330, 'G', 0.0, 8, 2, [11]]
[330, 'D', 0.0, 8, 2, [11]]
[331, 'G', 0.1875, 8, 2, [0, 11]]
[331, 'D', 0.125, 8, 2, [0, 11]]
[335, 'G', 0.125, 8, 2, [0, 13]]
[335, 'D', 0.1875, 8, 2, [0, 13]]
[336, 'G', 0.23541666666666666, 8, 2, [14]]
[336, 'D', 0.125, 8, 2, [14]]
[337, 'G', 0.3237704918032787, 8, 2, [0, 14]]
[337, 'D', 0.45081967213114754, 8, 2, [0, 14]]
[338, 'G', 0.12083333333333333, 8, 2, [15]]
[338, 'D', 0.06041666666666667, 8, 2, [15]]
[339, 'G', 0.00819672131147541, 8, 2, [0, 15]]
[339, 'D', 0.00819672131147541, 8, 2, [0, 15]]
[340, 'G', 0.0, 3, 3, [1]]
[340, 'D', 0.3333333333333333, 3, 3, [1]]
[341, 'G', 0.3333333333333333, 3, 3, [0, 1]]
[341, 'D', 0.6666666666666666, 3, 3, [0, 1]]
[342, 'G', 1.0, 3, 3, [2]]
[342, 'D', 1.0, 3, 3, [2]]
[343, 'G', 1.0, 3, 3, [0, 2]]
[343, 'D', 1.0, 3, 3, [0, 2]]
[344, 'G', 0.3333333333333333, 3, 3, [3]]
[344, 'D', 0.3333333333333333, 3, 3, [3]]
[345, 'G', 0.2, 3, 3, [0, 3]]
[345, 'D', 0.5, 3, 3, [0, 3]]
[346, 'G', 1.0, 3, 3, [4]]
[346, 'D', 1.0, 3, 3, [4]]
[347, 'G', 1.0, 3, 3, [0, 4]]
[347, 'D', 1.0, 3, 3, [0, 4]]
[348, 'G', 1.0, 3, 3, [5]]
[348, 'D', 1.0, 3, 3, [5]]
[349, 'G', 0.8, 3, 3, [0, 5]]
[349, 'D', 0.75, 3, 3, [0, 5]]
[350, 'G', 0.0, 3, 3, [6]]
[350, 'D', 0.3333333333333333, 3, 3, [6]]
[351, 'G', 0.75, 3, 3, [0, 6]]
[351, 'D', 0.6, 3, 3, [0, 6]]
[352, 'G', 0.16666666666666666, 3, 3, [7]]
[352, 'D', 0.3333333333333333, 3, 3, [7]]
[353, 'G', 0.2, 3, 3, [0, 7]]
[353, 'D', 0.6, 3, 3, [0, 7]]
[354, 'G', 1.0, 3, 3, [8]]
[354, 'D', 1.0, 3, 3, [8]]
[355, 'G', 1.0, 3, 3, [0, 8]]
[355, 'D', 0.8, 3, 3, [0, 8]]
[360, 'G', 0.3333333333333333, 3, 3, [11]]
[360, 'D', 0.3333333333333333, 3, 3, [11]]
[361, 'G', 0.14285714285714285, 3, 3, [0, 11]]
[361, 'D', 0.14285714285714285, 3, 3, [0, 11]]
[365, 'G', 0.4, 3, 3, [0, 13]]
[365, 'D', 0.4, 3, 3, [0, 13]]
[366, 'G', 0.6888888888888889, 3, 3, [14]]
[366, 'D', 0.6, 3, 3, [14]]
[367, 'G', 0.9008264462809917, 3, 3, [0, 14]]
[367, 'D', 0.8677685950413223, 3, 3, [0, 14]]
[368, 'G', 0.32222222222222224, 3, 3, [15]]
[368, 'D', 0.29444444444444445, 3, 3, [15]]
[369, 'G', 0.008264462809917356, 3, 3, [0, 15]]
[369, 'D', 0.03225806451612903, 3, 3, [0, 15]]
[370, 'G', 0.16666666666666666, 6, 3, [1]]
[370, 'D', 0.0, 6, 3, [1]]
[371, 'G', 0.5, 6, 3, [0, 1]]
[371, 'D', 0.5, 6, 3, [0, 1]]
[372, 'G', 0.5, 6, 3, [2]]
[372, 'D', 0.5, 6, 3, [2]]
[373, 'G', 0.5555555555555556, 6, 3, [0, 2]]
[373, 'D', 0.5555555555555556, 6, 3, [0, 2]]
[374, 'G', 0.0, 6, 3, [3]]
[374, 'D', 0.16666666666666666, 6, 3, [3]]
[375, 'G', 0.2222222222222222, 6, 3, [0, 3]]
[375, 'D', 0.3333333333333333, 6, 3, [0, 3]]
[376, 'G', 0.6666666666666666, 6, 3, [4]]
[376, 'D', 0.6666666666666666, 6, 3, [4]]
[377, 'G', 0.7777777777777778, 6, 3, [0, 4]]
[377, 'D', 0.7777777777777778, 6, 3, [0, 4]]
[378, 'G', 0.5, 6, 3, [5]]
[378, 'D', 0.5, 6, 3, [5]]
[379, 'G', 0.5555555555555556, 6, 3, [0, 5]]
[379, 'D', 0.6666666666666666, 6, 3, [0, 5]]
[380, 'G', 0.3333333333333333, 6, 3, [6]]
[380, 'D', 0.0, 6, 3, [6]]
[381, 'G', 0.3333333333333333, 6, 3, [0, 6]]
[381, 'D', 0.2222222222222222, 6, 3, [0, 6]]
[382, 'G', 0.0, 6, 3, [7]]
[382, 'D', 0.16666666666666666, 6, 3, [7]]
[383, 'G', 0.3333333333333333, 6, 3, [0, 7]]
[383, 'D', 0.3333333333333333, 6, 3, [0, 7]]
[384, 'G', 0.6666666666666666, 6, 3, [8]]
[384, 'D', 0.8333333333333334, 6, 3, [8]]
[385, 'G', 0.6666666666666666, 6, 3, [0, 8]]
[385, 'D', 0.5833333333333334, 6, 3, [0, 8]]
[390, 'G', 0.0, 6, 3, [11]]
[390, 'D', 0.0, 6, 3, [11]]
[391, 'G', 0.16666666666666666, 6, 3, [0, 11]]
[391, 'D', 0.3333333333333333, 6, 3, [0, 11]]
[395, 'G', 0.16666666666666666, 6, 3, [0, 13]]
[395, 'D', 0.25, 6, 3, [0, 13]]
[396, 'G', 0.37222222222222223, 6, 3, [14]]
[396, 'D', 0.32222222222222224, 6, 3, [14]]
[397, 'G', 0.5737704918032787, 6, 3, [0, 14]]
[397, 'D', 0.43169398907103823, 6, 3, [0, 14]]
[398, 'G', 0.08055555555555556, 6, 3, [15]]
[398, 'D', 0.15, 6, 3, [15]]
[399, 'G', 0.2896174863387978, 6, 3, [0, 15]]
[399, 'D', 0.3114754098360656, 6, 3, [0, 15]]
[400, 'G', 0.0, 9, 3, [1]]
[400, 'D', 0.1111111111111111, 9, 3, [1]]
[401, 'G', 0.2222222222222222, 9, 3, [0, 1]]
[401, 'D', 0.3333333333333333, 9, 3, [0, 1]]
[402, 'G', 0.3333333333333333, 9, 3, [2]]
[402, 'D', 0.3333333333333333, 9, 3, [2]]
[403, 'G', 0.3076923076923077, 9, 3, [0, 2]]
[403, 'D', 0.35714285714285715, 9, 3, [0, 2]]
[404, 'G', 0.1111111111111111, 9, 3, [3]]
[404, 'D', 0.0, 9, 3, [3]]
[405, 'G', 0.23076923076923078, 9, 3, [0, 3]]
[405, 'D', 0.23076923076923078, 9, 3, [0, 3]]
[406, 'G', 0.5555555555555556, 9, 3, [4]]
[406, 'D', 0.4444444444444444, 9, 3, [4]]
[407, 'G', 0.6923076923076923, 9, 3, [0, 4]]
[407, 'D', 0.42857142857142855, 9, 3, [0, 4]]
[408, 'G', 0.3333333333333333, 9, 3, [5]]
[408, 'D', 0.3333333333333333, 9, 3, [5]]
[409, 'G', 0.46153846153846156, 9, 3, [0, 5]]
[409, 'D', 0.38461538461538464, 9, 3, [0, 5]]
[410, 'G', 0.2222222222222222, 9, 3, [6]]
[410, 'D', 0.0, 9, 3, [6]]
[411, 'G', 0.21428571428571427, 9, 3, [0, 6]]
[411, 'D', 0.23076923076923078, 9, 3, [0, 6]]
[412, 'G', 0.0, 9, 3, [7]]
[412, 'D', 0.1111111111111111, 9, 3, [7]]
[413, 'G', 0.21428571428571427, 9, 3, [0, 7]]
[413, 'D', 0.23076923076923078, 9, 3, [0, 7]]
[414, 'G', 0.5555555555555556, 9, 3, [8]]
[414, 'D', 0.6666666666666666, 9, 3, [8]]
[415, 'G', 0.5789473684210527, 9, 3, [0, 8]]
[415, 'D', 0.7368421052631579, 9, 3, [0, 8]]
[420, 'G', 0.1111111111111111, 9, 3, [11]]
[420, 'D', 0.0, 9, 3, [11]]
[421, 'G', 0.17647058823529413, 9, 3, [0, 11]]
[421, 'D', 0.3157894736842105, 9, 3, [0, 11]]
[425, 'G', 0.11764705882352941, 9, 3, [0, 13]]
[425, 'D', 0.15789473684210525, 9, 3, [0, 13]]
[426, 'G', 0.25, 9, 3, [14]]
[426, 'D', 0.2111111111111111, 9, 3, [14]]
[427, 'G', 0.4326530612244898, 9, 3, [0, 14]]
[427, 'D', 0.5346938775510204, 9, 3, [0, 14]]
[428, 'G', 0.10925925925925926, 9, 3, [15]]
[428, 'D', 0.10555555555555556, 9, 3, [15]]
[429, 'G', 0.012244897959183673, 9, 3, [0, 15]]
[429, 'D', 0.09868421052631579, 9, 3, [0, 15]]
[430, 'G', 0.08333333333333333, 12, 3, [1]]
[430, 'D', 0.08333333333333333, 12, 3, [1]]
[431, 'G', 0.25, 12, 3, [0, 1]]
[431, 'D', 0.25, 12, 3, [0, 1]]
[432, 'G', 0.25, 12, 3, [2]]
[432, 'D', 0.25, 12, 3, [2]]
[433, 'G', 0.2777777777777778, 12, 3, [0, 2]]
[433, 'D', 0.2777777777777778, 12, 3, [0, 2]]
[434, 'G', 0.0, 12, 3, [3]]
[434, 'D', 0.08333333333333333, 12, 3, [3]]
[435, 'G', 0.16666666666666666, 12, 3, [0, 3]]
[435, 'D', 0.16666666666666666, 12, 3, [0, 3]]
[436, 'G', 0.5, 12, 3, [4]]
[436, 'D', 0.5, 12, 3, [4]]
[437, 'G', 0.5, 12, 3, [0, 4]]
[437, 'D', 0.4444444444444444, 12, 3, [0, 4]]
[438, 'G', 0.25, 12, 3, [5]]
[438, 'D', 0.25, 12, 3, [5]]
[439, 'G', 0.2777777777777778, 12, 3, [0, 5]]
[439, 'D', 0.2777777777777778, 12, 3, [0, 5]]
[440, 'G', 0.08333333333333333, 12, 3, [6]]
[440, 'D', 0.16666666666666666, 12, 3, [6]]
[441, 'G', 0.16666666666666666, 12, 3, [0, 6]]
[441, 'D', 0.16666666666666666, 12, 3, [0, 6]]
[442, 'G', 0.08333333333333333, 12, 3, [7]]
[442, 'D', 0.041666666666666664, 12, 3, [7]]
[443, 'G', 0.2222222222222222, 12, 3, [0, 7]]
[443, 'D', 0.16666666666666666, 12, 3, [0, 7]]
[444, 'G', 0.5833333333333334, 12, 3, [8]]
[444, 'D', 0.6666666666666666, 12, 3, [8]]
[445, 'G', 0.2916666666666667, 12, 3, [0, 8]]
[445, 'D', 0.7916666666666666, 12, 3, [0, 8]]
[450, 'G', 0.16666666666666666, 12, 3, [11]]
[450, 'D', 0.16666666666666666, 12, 3, [11]]
[451, 'G', 0.125, 12, 3, [0, 11]]
[451, 'D', 0.125, 12, 3, [0, 11]]
[455, 'G', 0.125, 12, 3, [0, 13]]
[455, 'D', 0.125, 12, 3, [0, 13]]
[456, 'G', 0.19583333333333333, 12, 3, [14]]
[456, 'D', 0.2013888888888889, 12, 3, [14]]
[457, 'G', 0.36885245901639346, 12, 3, [0, 14]]
[457, 'D', 0.35792349726775957, 12, 3, [0, 14]]
[458, 'G', 0.08194444444444444, 12, 3, [15]]
[458, 'D', 0.05694444444444444, 12, 3, [15]]
[459, 'G', 0.08196721311475409, 12, 3, [0, 15]]
[459, 'D', 0.14754098360655737, 12, 3, [0, 15]]
